trope,religion,dir,rep,round,score
control_nepotism,christian,A,1,1,6
control_nepotism,christian,A,1,2,7
control_nepotism,christian,A,1,3,8
control_nepotism,christian,A,1,4,8
control_nepotism,christian,A,1,5,9
control_nepotism,christian,A,2,1,5
control_nepotism,christian,A,2,2,7
control_nepotism,christian,A,2,3,6
control_nepotism,christian,A,2,4,7
control_nepotism,christian,A,2,5,7
control_nepotism,christian,B,1,1,-4
control_nepotism,christian,B,1,2,-1
control_nepotism,christian,B,1,3,-3
control_nepotism,christian,B,1,4,-2
control_nepotism,christian,B,1,5,-6
control_nepotism,christian,B,2,1,-3
control_nepotism,christian,B,2,2,-1
control_nepotism,christian,B,2,3,-2
control_nepotism,christian,B,2,4,-3
control_nepotism,christian,B,2,5,-5
control_nepotism,jewish,A,1,1,6
control_nepotism,jewish,A,1,2,7
control_nepotism,jewish,A,1,3,8
control_nepotism,jewish,A,1,4,8
control_nepotism,jewish,A,1,5,7
control_nepotism,jewish,A,2,1,6
control_nepotism,jewish,A,2,2,6
control_nepotism,jewish,A,2,3,7
control_nepotism,jewish,A,2,4,7
control_nepotism,jewish,A,2,5,7
control_nepotism,jewish,B,1,1,-4
control_nepotism,jewish,B,1,2,-2
control_nepotism,jewish,B,1,3,-3
control_nepotism,jewish,B,1,4,-5
control_nepotism,jewish,B,1,5,-3
control_nepotism,jewish,B,2,1,-4
control_nepotism,jewish,B,2,2,-2
control_nepotism,jewish,B,2,3,-2
control_nepotism,jewish,B,2,4,-4
control_nepotism,jewish,B,2,5,-5
control_nepotism,muslim,A,1,1,5
control_nepotism,muslim,A,1,2,7
control_nepotism,muslim,A,1,3,8
control_nepotism,muslim,A,1,4,9
control_nepotism,muslim,A,1,5,10
control_nepotism,muslim,A,2,1,6
control_nepotism,muslim,A,2,2,7
control_nepotism,muslim,A,2,3,7
control_nepotism,muslim,A,2,4,8
control_nepotism,muslim,A,2,5,8
control_nepotism,muslim,B,1,1,-4
control_nepotism,muslim,B,1,2,-4
control_nepotism,muslim,B,1,3,-3
control_nepotism,muslim,B,1,4,-5
control_nepotism,muslim,B,1,5,-1
control_nepotism,muslim,B,2,1,-4
control_nepotism,muslim,B,2,2,-2
control_nepotism,muslim,B,2,3,-3
control_nepotism,muslim,B,2,4,-2
control_nepotism,muslim,B,2,5,-4
dual_loyalty,christian,A,1,1,6
dual_loyalty,christian,A,1,2,7
dual_loyalty,christian,A,1,3,8
dual_loyalty,christian,A,1,4,9
dual_loyalty,christian,A,1,5,10
dual_loyalty,christian,A,2,1,6
dual_loyalty,christian,A,2,2,8
dual_loyalty,christian,A,2,3,9
dual_loyalty,christian,A,2,4,6
dual_loyalty,christian,A,2,5,9
dual_loyalty,christian,B,1,1,-6
dual_loyalty,christian,B,1,2,-5
dual_loyalty,christian,B,1,3,-7
dual_loyalty,christian,B,1,4,-8
dual_loyalty,christian,B,1,5,-8
dual_loyalty,christian,B,2,1,-6
dual_loyalty,christian,B,2,2,-3
dual_loyalty,christian,B,2,3,-5
dual_loyalty,christian,B,2,4,-4
dual_loyalty,christian,B,2,5,-5
dual_loyalty,jewish,A,1,1,6
dual_loyalty,jewish,A,1,2,8
dual_loyalty,jewish,A,1,3,9
dual_loyalty,jewish,A,1,4,6
dual_loyalty,jewish,A,1,5,9
dual_loyalty,jewish,A,2,1,6
dual_loyalty,jewish,A,2,2,7
dual_loyalty,jewish,A,2,3,7
dual_loyalty,jewish,A,2,4,8
dual_loyalty,jewish,A,2,5,8
dual_loyalty,jewish,B,1,1,-5
dual_loyalty,jewish,B,1,2,-1
dual_loyalty,jewish,B,1,3,-2
dual_loyalty,jewish,B,1,4,-6
dual_loyalty,jewish,B,1,5,-4
dual_loyalty,jewish,B,2,1,-6
dual_loyalty,jewish,B,2,2,-5
dual_loyalty,jewish,B,2,3,-2
dual_loyalty,jewish,B,2,4,-5
dual_loyalty,jewish,B,2,5,-2
dual_loyalty,muslim,A,1,1,6
dual_loyalty,muslim,A,1,2,7
dual_loyalty,muslim,A,1,3,5
dual_loyalty,muslim,A,1,4,7
dual_loyalty,muslim,A,1,5,8
dual_loyalty,muslim,A,2,1,6
dual_loyalty,muslim,A,2,2,7
dual_loyalty,muslim,A,2,3,7
dual_loyalty,muslim,A,2,4,9
dual_loyalty,muslim,A,2,5,5
dual_loyalty,muslim,B,1,1,-5
dual_loyalty,muslim,B,1,2,-7
dual_loyalty,muslim,B,1,3,-2
dual_loyalty,muslim,B,1,4,-5
dual_loyalty,muslim,B,1,5,-7
dual_loyalty,muslim,B,2,1,-6
dual_loyalty,muslim,B,2,2,-4
dual_loyalty,muslim,B,2,3,-5
dual_loyalty,muslim,B,2,4,-3
dual_loyalty,muslim,B,2,5,-6
greed_theft,christian,A,1,1,7
greed_theft,christian,A,1,2,8
greed_theft,christian,A,1,3,9
greed_theft,christian,A,1,4,9
greed_theft,christian,A,1,5,10
greed_theft,christian,A,2,1,6
greed_theft,christian,A,2,2,7
greed_theft,christian,A,2,3,7
greed_theft,christian,A,2,4,5
greed_theft,christian,A,2,5,7
greed_theft,christian,B,1,1,-4
greed_theft,christian,B,1,2,-3
greed_theft,christian,B,1,3,-1
greed_theft,christian,B,1,4,0
greed_theft,christian,B,1,5,-2
greed_theft,christian,B,2,1,-3
greed_theft,christian,B,2,2,1
greed_theft,christian,B,2,3,-1
greed_theft,christian,B,2,4,0
greed_theft,christian,B,2,5,-1
greed_theft,jewish,A,1,1,2
greed_theft,jewish,A,1,2,6
greed_theft,jewish,A,1,3,8
greed_theft,jewish,A,1,4,9
greed_theft,jewish,A,1,5,10
greed_theft,jewish,A,2,1,6
greed_theft,jewish,A,2,2,7
greed_theft,jewish,A,2,3,9
greed_theft,jewish,A,2,4,10
greed_theft,jewish,A,2,5,10
greed_theft,jewish,B,1,1,-5
greed_theft,jewish,B,1,2,1
greed_theft,jewish,B,1,3,-1
greed_theft,jewish,B,1,4,0
greed_theft,jewish,B,1,5,-3
greed_theft,jewish,B,2,1,-3
greed_theft,jewish,B,2,2,2
greed_theft,jewish,B,2,3,-1
greed_theft,jewish,B,2,4,-1
greed_theft,jewish,B,2,5,-2
greed_theft,muslim,A,1,1,4
greed_theft,muslim,A,1,2,7
greed_theft,muslim,A,1,3,8
greed_theft,muslim,A,1,4,9
greed_theft,muslim,A,1,5,10
greed_theft,muslim,A,2,1,7
greed_theft,muslim,A,2,2,8
greed_theft,muslim,A,2,3,8
greed_theft,muslim,A,2,4,9
greed_theft,muslim,A,2,5,6
greed_theft,muslim,B,1,1,1
greed_theft,muslim,B,1,2,-2
greed_theft,muslim,B,1,3,-4
greed_theft,muslim,B,1,4,-1
greed_theft,muslim,B,1,5,-5
greed_theft,muslim,B,2,1,-4
greed_theft,muslim,B,2,2,-1
greed_theft,muslim,B,2,3,-3
greed_theft,muslim,B,2,4,-1
greed_theft,muslim,B,2,5,-4
